variable,example,description
donor_name,Alexandra Lulka,Donor full name.
donor_district,Eglinton--Lawrence,District associated with donor postal code.
donation_date,2015-10-18,Date donation was received.
electoral_event,42nd general election,Electoral event (if any) occuring during donation.
amount_monetary,563.3,"The value of the donation, in CAD (summed monetary and non-monetary)."
recipient_name,Joe Oliver,Recipient full name.
recipient_district,Eglinton--Lawrence,District of the recipient (if applicable).
political_entity,Candidates,Entity type of the recipient.
political_party,Conservative Party of Canada,Recipient party affiliation (if any).
